x,q1,q2,q3
0.000000,0.985033,0.750705,2.761471
0.001001,0.985033,0.750705,2.761471
0.002002,0.985017,0.750705,2.761451
0.003003,0.985017,0.750705,2.761451
0.004004,0.984986,0.750707,2.761410
0.005005,0.984986,0.750707,2.761410
0.006006,0.984939,0.750709,2.761348
0.007007,0.984939,0.750709,2.761348
0.008008,0.984877,0.750711,2.761266
0.009009,0.984877,0.750711,2.761266
0.010010,0.984800,0.750715,2.761163
0.011011,0.984800,0.750715,2.761163
0.012012,0.984707,0.750719,2.761040
0.013013,0.984707,0.750719,2.761040
0.014014,0.984599,0.750723,2.760896
0.015015,0.984599,0.750723,2.760896
0.016016,0.984475,0.750728,2.760731
0.017017,0.984475,0.750728,2.760731
0.018018,0.984336,0.750734,2.760546
0.019019,0.984336,0.750734,2.760546
0.020020,0.984181,0.750741,2.760341
0.021021,0.984181,0.750741,2.760341
0.022022,0.984011,0.750747,2.760114
0.023023,0.984011,0.750747,2.760114
0.024024,0.983825,0.750755,2.759867
0.025025,0.983825,0.750755,2.759867
0.026026,0.983624,0.750763,2.759600
0.027027,0.983624,0.750763,2.759600
0.028028,0.983407,0.750772,2.759311
0.029029,0.983407,0.750772,2.759311
0.030030,0.983174,0.750781,2.759002
0.031031,0.983174,0.750781,2.759002
0.032032,0.982926,0.750791,2.758672
0.033033,0.982926,0.750791,2.758672
0.034034,0.982662,0.750801,2.758321
0.035035,0.982662,0.750801,2.758321
0.036036,0.982382,0.750811,2.757949
0.037037,0.982382,0.750811,2.757949
0.038038,0.982087,0.750823,2.757556
0.039039,0.982087,0.750823,2.757556
0.040040,0.981776,0.750834,2.757141
0.041041,0.981776,0.750834,2.757141
0.042042,0.981449,0.750846,2.756706
0.043043,0.981449,0.750846,2.756706
0.044044,0.981105,0.750859,2.756248
0.045045,0.981105,0.750859,2.756248
0.046046,0.980746,0.750872,2.755770
0.047047,0.980746,0.750872,2.755770
0.048048,0.980371,0.750885,2.755270
0.049049,0.980371,0.750885,2.755270
0.050050,0.979980,0.750899,2.754748
0.051051,0.979980,0.750899,2.754748
0.052052,0.979572,0.750913,2.754204
0.053053,0.979572,0.750913,2.754204
0.054054,0.979148,0.750927,2.753638
0.055055,0.979148,0.750927,2.753638
0.056056,0.978708,0.750942,2.753051
0.057057,0.978708,0.750942,2.753051
0.058058,0.978251,0.750957,2.752441
0.059059,0.978251,0.750957,2.752441
0.060060,0.977778,0.750972,2.751808
0.061061,0.977778,0.750972,2.751808
0.062062,0.977288,0.750987,2.751153
0.063063,0.977288,0.750987,2.751153
0.064064,0.976781,0.751003,2.750476
0.065065,0.976781,0.751003,2.750476
0.066066,0.976257,0.751019,2.749776
0.067067,0.976257,0.751019,2.749776
0.068068,0.975717,0.751035,2.749052
0.069069,0.975717,0.751035,2.749052
0.070070,0.975159,0.751051,2.748306
0.071071,0.975159,0.751051,2.748306
0.072072,0.974584,0.751067,2.747536
0.073073,0.974584,0.751067,2.747536
0.074074,0.973992,0.751084,2.746743
0.075075,0.973992,0.751084,2.746743
0.076076,0.973383,0.751100,2.745927
0.077077,0.973383,0.751100,2.745927
0.078078,0.972756,0.751117,2.745086
0.079079,0.972756,0.751117,2.745086
0.080080,0.972112,0.751133,2.744222
0.081081,0.972112,0.751133,2.744222
0.082082,0.971450,0.751150,2.743334
0.083083,0.971450,0.751150,2.743334
0.084084,0.970771,0.751166,2.742421
0.085085,0.970771,0.751166,2.742421
0.086086,0.970073,0.751182,2.741484
0.087087,0.970073,0.751182,2.741484
0.088088,0.969358,0.751198,2.740522
0.089089,0.969358,0.751198,2.740522
0.090090,0.968624,0.751214,2.739535
0.091091,0.968624,0.751214,2.739535
0.092092,0.967873,0.751230,2.738523
0.093093,0.967873,0.751230,2.738523
0.094094,0.967103,0.751245,2.737486
0.095095,0.967103,0.751245,2.737486
0.096096,0.966314,0.751260,2.736424
0.097097,0.966314,0.751260,2.736424
0.098098,0.965507,0.751275,2.735336
0.099099,0.965507,0.751275,2.735336
0.100100,0.964682,0.751290,2.734222
0.101101,0.964682,0.751290,2.734222
0.102102,0.963838,0.751303,2.733082
0.103103,0.963838,0.751303,2.733082
0.104104,0.962974,0.751317,2.731916
0.105105,0.962974,0.751317,2.731916
0.106106,0.962092,0.751330,2.730724
0.107107,0.962092,0.751330,2.730724
0.108108,0.961191,0.751342,2.729505
0.109109,0.961191,0.751342,2.729505
0.110110,0.960271,0.751354,2.728259
0.111111,0.960271,0.751354,2.728259
0.112112,0.959331,0.751365,2.726987
0.113113,0.959331,0.751365,2.726987
0.114114,0.958373,0.751375,2.725687
0.115115,0.958373,0.751375,2.725687
0.116116,0.957394,0.751384,2.724360
0.117117,0.957394,0.751384,2.724360
0.118118,0.956396,0.751393,2.723005
0.119119,0.956396,0.751393,2.723005
0.120120,0.955379,0.751400,2.721623
0.121121,0.955379,0.751400,2.721623
0.122122,0.954341,0.751407,2.720212
0.123123,0.954341,0.751407,2.720212
0.124124,0.953284,0.751412,2.718774
0.125125,0.953284,0.751412,2.718774
0.126126,0.952207,0.751417,2.717307
0.127127,0.952207,0.751417,2.717307
0.128128,0.951110,0.751420,2.715812
0.129129,0.951110,0.751420,2.715812
0.130130,0.949992,0.751422,2.714288
0.131131,0.949992,0.751422,2.714288
0.132132,0.948855,0.751423,2.712735
0.133133,0.948855,0.751423,2.712735
0.134134,0.947697,0.751422,2.711153
0.135135,0.947697,0.751422,2.711153
0.136136,0.946518,0.751420,2.709541
0.137137,0.946518,0.751420,2.709541
0.138138,0.945320,0.751416,2.707901
0.139139,0.945320,0.751416,2.707901
0.140140,0.944100,0.751411,2.706231
0.141141,0.944100,0.751411,2.706231
0.142142,0.942860,0.751404,2.704531
0.143143,0.942860,0.751404,2.704531
0.144144,0.941600,0.751395,2.702801
0.145145,0.941600,0.751395,2.702801
0.146146,0.940319,0.751384,2.701041
0.147147,0.940319,0.751384,2.701041
0.148148,0.939016,0.751372,2.699250
0.149149,0.939016,0.751372,2.699250
0.150150,0.937694,0.751357,2.697430
0.151151,0.937694,0.751357,2.697430
0.152152,0.936350,0.751340,2.695578
0.153153,0.936350,0.751340,2.695578
0.154154,0.934985,0.751322,2.693696
0.155155,0.934985,0.751322,2.693696
0.156156,0.933599,0.751300,2.691783
0.157157,0.933599,0.751300,2.691783
0.158158,0.932192,0.751277,2.689839
0.159159,0.932192,0.751277,2.689839
0.160160,0.930764,0.751251,2.687864
0.161161,0.930764,0.751251,2.687864
0.162162,0.929315,0.751222,2.685857
0.163163,0.929315,0.751222,2.685857
0.164164,0.927845,0.751191,2.683819
0.165165,0.927845,0.751191,2.683819
0.166166,0.926354,0.751157,2.681749
0.167167,0.926354,0.751157,2.681749
0.168168,0.924842,0.751120,2.679648
0.169169,0.924842,0.751120,2.679648
0.170170,0.923308,0.751080,2.677515
0.171171,0.923308,0.751080,2.677515
0.172172,0.921753,0.751037,2.675350
0.173173,0.921753,0.751037,2.675350
0.174174,0.920177,0.750991,2.673152
0.175175,0.920177,0.750991,2.673152
0.176176,0.918580,0.750941,2.670923
0.177177,0.918580,0.750941,2.670923
0.178178,0.916962,0.750888,2.668661
0.179179,0.916962,0.750888,2.668661
0.180180,0.915322,0.750832,2.666367
0.181181,0.915322,0.750832,2.666367
0.182182,0.913661,0.750772,2.664040
0.183183,0.913661,0.750772,2.664040
0.184184,0.911979,0.750708,2.661681
0.185185,0.911979,0.750708,2.661681
0.186186,0.910276,0.750640,2.659289
0.187187,0.910276,0.750640,2.659289
0.188188,0.908552,0.750569,2.656865
0.189189,0.908552,0.750569,2.656865
0.190190,0.906807,0.750493,2.654408
0.191191,0.906807,0.750493,2.654408
0.192192,0.905041,0.750413,2.651918
0.193193,0.905041,0.750413,2.651918
0.194194,0.903254,0.750329,2.649395
0.195195,0.903254,0.750329,2.649395
0.196196,0.901446,0.750241,2.646839
0.197197,0.901446,0.750241,2.646839
0.198198,0.899618,0.750147,2.644250
0.199199,0.899618,0.750147,2.644250
0.200200,0.897768,0.750050,2.641628
0.201201,0.897768,0.750050,2.641628
0.202202,0.895898,0.749947,2.638973
0.203203,0.895898,0.749947,2.638973
0.204204,0.894007,0.749839,2.636285
0.205205,0.894007,0.749839,2.636285
0.206206,0.892096,0.749726,2.633564
0.207207,0.892096,0.749726,2.633564
0.208208,0.890164,0.749608,2.630809
0.209209,0.890164,0.749608,2.630809
0.210210,0.888212,0.749485,2.628022
0.211211,0.888212,0.749485,2.628022
0.212212,0.886240,0.749356,2.625201
0.213213,0.886240,0.749356,2.625201
0.214214,0.884247,0.749222,2.622348
0.215215,0.884247,0.749222,2.622348
0.216216,0.882235,0.749082,2.619461
0.217217,0.882235,0.749082,2.619461
0.218218,0.880202,0.748936,2.616541
0.219219,0.880202,0.748936,2.616541
0.220220,0.878150,0.748784,2.613588
0.221221,0.878150,0.748784,2.613588
0.222222,0.876078,0.748626,2.610602
0.223223,0.876078,0.748626,2.610602
0.224224,0.873987,0.748461,2.607583
0.225225,0.873987,0.748461,2.607583
0.226226,0.871876,0.748291,2.604532
0.227227,0.871876,0.748291,2.604532
0.228228,0.869746,0.748113,2.601447
0.229229,0.869746,0.748113,2.601447
0.230230,0.867597,0.747929,2.598329
0.231231,0.867597,0.747929,2.598329
0.232232,0.865429,0.747738,2.595179
0.233233,0.865429,0.747738,2.595179
0.234234,0.863242,0.747540,2.591996
0.235235,0.863242,0.747540,2.591996
0.236236,0.861036,0.747335,2.588781
0.237237,0.861036,0.747335,2.588781
0.238238,0.858812,0.747123,2.585533
0.239239,0.858812,0.747123,2.585533
0.240240,0.856570,0.746903,2.582253
0.241241,0.856570,0.746903,2.582253
0.242242,0.854310,0.746676,2.578940
0.243243,0.854310,0.746676,2.578940
0.244244,0.852032,0.746441,2.575595
0.245245,0.852032,0.746441,2.575595
0.246246,0.849736,0.746199,2.572218
0.247247,0.849736,0.746199,2.572218
0.248248,0.847422,0.745948,2.568809
0.249249,0.847422,0.745948,2.568809
0.250250,0.845092,0.745689,2.565369
0.251251,0.845092,0.745689,2.565369
0.252252,0.842744,0.745422,2.561896
0.253253,0.842744,0.745422,2.561896
0.254254,0.840379,0.745147,2.558393
0.255255,0.840379,0.745147,2.558393
0.256256,0.837998,0.744863,2.554857
0.257257,0.837998,0.744863,2.554857
0.258258,0.835600,0.744571,2.551291
0.259259,0.835600,0.744571,2.551291
0.260260,0.833186,0.744269,2.547693
0.261261,0.833186,0.744269,2.547693
0.262262,0.830756,0.743959,2.544065
0.263263,0.830756,0.743959,2.544065
0.264264,0.828310,0.743640,2.540406
0.265265,0.828310,0.743640,2.540406
0.266266,0.825848,0.743311,2.536716
0.267267,0.825848,0.743311,2.536716
0.268268,0.823372,0.742973,2.532996
0.269269,0.823372,0.742973,2.532996
0.270270,0.820880,0.742625,2.529246
0.271271,0.820880,0.742625,2.529246
0.272272,0.818374,0.742268,2.525466
0.273273,0.818374,0.742268,2.525466
0.274274,0.815853,0.741901,2.521657
0.275275,0.815853,0.741901,2.521657
0.276276,0.813318,0.741525,2.517818
0.277277,0.813318,0.741525,2.517818
0.278278,0.810768,0.741138,2.513949
0.279279,0.810768,0.741138,2.513949
0.280280,0.808205,0.740741,2.510052
0.281281,0.808205,0.740741,2.510052
0.282282,0.805629,0.740333,2.506125
0.283283,0.805629,0.740333,2.506125
0.284284,0.803039,0.739916,2.502171
0.285285,0.803039,0.739916,2.502171
0.286286,0.800437,0.739487,2.498187
0.287287,0.800437,0.739487,2.498187
0.288288,0.797822,0.739048,2.494176
0.289289,0.797822,0.739048,2.494176
0.290290,0.795194,0.738598,2.490137
0.291291,0.795194,0.738598,2.490137
0.292292,0.792555,0.738137,2.486071
0.293293,0.792555,0.738137,2.486071
0.294294,0.789903,0.737665,2.481977
0.295295,0.789903,0.737665,2.481977
0.296296,0.787241,0.737182,2.477856
0.297297,0.787241,0.737182,2.477856
0.298298,0.784567,0.736687,2.473708
0.299299,0.784567,0.736687,2.473708
0.300300,0.781882,0.736181,2.469534
0.301301,0.781882,0.736181,2.469534
0.302302,0.779186,0.735664,2.465334
0.303303,0.779186,0.735664,2.465334
0.304304,0.776481,0.735134,2.461108
0.305305,0.776481,0.735134,2.461108
0.306306,0.773765,0.734593,2.456857
0.307307,0.773765,0.734593,2.456857
0.308308,0.771039,0.734040,2.452580
0.309309,0.771039,0.734040,2.452580
0.310310,0.768305,0.733475,2.448279
0.311311,0.768305,0.733475,2.448279
0.312312,0.765561,0.732897,2.443953
0.313313,0.765561,0.732897,2.443953
0.314314,0.762808,0.732307,2.439602
0.315315,0.762808,0.732307,2.439602
0.316316,0.760047,0.731705,2.435228
0.317317,0.760047,0.731705,2.435228
0.318318,0.757278,0.731091,2.430830
0.319319,0.757278,0.731091,2.430830
0.320320,0.754501,0.730463,2.426408
0.321321,0.754501,0.730463,2.426408
0.322322,0.751717,0.729823,2.421964
0.323323,0.751717,0.729823,2.421964
0.324324,0.748925,0.729170,2.417497
0.325325,0.748925,0.729170,2.417497
0.326326,0.746127,0.728504,2.413008
0.327327,0.746127,0.728504,2.413008
0.328328,0.743322,0.727825,2.408497
0.329329,0.743322,0.727825,2.408497
0.330330,0.740511,0.727133,2.403964
0.331331,0.740511,0.727133,2.403964
0.332332,0.737694,0.726428,2.399410
0.333333,0.737694,0.726428,2.399410
0.334334,0.734871,0.725709,2.394835
0.335335,0.734871,0.725709,2.394835
0.336336,0.732043,0.724977,2.390240
0.337337,0.732043,0.724977,2.390240
0.338338,0.729210,0.724231,2.385624
0.339339,0.729210,0.724231,2.385624
0.340340,0.726373,0.723472,2.380989
0.341341,0.726373,0.723472,2.380989
0.342342,0.723531,0.722698,2.376334
0.343343,0.723531,0.722698,2.376334
0.344344,0.720685,0.721911,2.371660
0.345345,0.720685,0.721911,2.371660
0.346346,0.717836,0.721110,2.366968
0.347347,0.717836,0.721110,2.366968
0.348348,0.714983,0.720295,2.362257
0.349349,0.714983,0.720295,2.362257
0.350350,0.712127,0.719466,2.357528
0.351351,0.712127,0.719466,2.357528
0.352352,0.709268,0.718623,2.352782
0.353353,0.709268,0.718623,2.352782
0.354354,0.706407,0.717765,2.348019
0.355355,0.706407,0.717765,2.348019
0.356356,0.703544,0.716893,2.343238
0.357357,0.703544,0.716893,2.343238
0.358358,0.700679,0.716007,2.338441
0.359359,0.700679,0.716007,2.338441
0.360360,0.697813,0.715106,2.333628
0.361361,0.697813,0.715106,2.333628
0.362362,0.694945,0.714191,2.328800
0.363363,0.694945,0.714191,2.328800
0.364364,0.692077,0.713260,2.323956
0.365365,0.692077,0.713260,2.323956
0.366366,0.689208,0.712315,2.319097
0.367367,0.689208,0.712315,2.319097
0.368368,0.686339,0.711355,2.314223
0.369369,0.686339,0.711355,2.314223
0.370370,0.683469,0.710381,2.309336
0.371371,0.683469,0.710381,2.309336
0.372372,0.680600,0.709391,2.304434
0.373373,0.680600,0.709391,2.304434
0.374374,0.677732,0.708386,2.299519
0.375375,0.677732,0.708386,2.299519
0.376376,0.674864,0.707366,2.294591
0.377377,0.674864,0.707366,2.294591
0.378378,0.671998,0.706331,2.289650
0.379379,0.671998,0.706331,2.289650
0.380380,0.669133,0.705280,2.284697
0.381381,0.669133,0.705280,2.284697
0.382382,0.666270,0.704214,2.279731
0.383383,0.666270,0.704214,2.279731
0.384384,0.663409,0.703133,2.274755
0.385385,0.663409,0.703133,2.274755
0.386386,0.660550,0.702036,2.269766
0.387387,0.660550,0.702036,2.269766
0.388388,0.657694,0.700923,2.264767
0.389389,0.657694,0.700923,2.264767
0.390390,0.654841,0.699795,2.259757
0.391391,0.654841,0.699795,2.259757
0.392392,0.651991,0.698651,2.254737
0.393393,0.651991,0.698651,2.254737
0.394394,0.649144,0.697492,2.249707
0.395395,0.649144,0.697492,2.249707
0.396396,0.646300,0.696316,2.244668
0.397397,0.646300,0.696316,2.244668
0.398398,0.643461,0.695124,2.239619
0.399399,0.643461,0.695124,2.239619
0.400400,0.640626,0.693917,2.234562
0.401401,0.640626,0.693917,2.234562
0.402402,0.637794,0.692693,2.229495
0.403403,0.637794,0.692693,2.229495
0.404404,0.634968,0.691453,2.224421
0.405405,0.634968,0.691453,2.224421
0.406406,0.632146,0.690197,2.219339
0.407407,0.632146,0.690197,2.219339
0.408408,0.629330,0.688925,2.214249
0.409409,0.629330,0.688925,2.214249
0.410410,0.626518,0.687636,2.209151
0.411411,0.626518,0.687636,2.209151
0.412412,0.623712,0.686330,2.204047
0.413413,0.623712,0.686330,2.204047
0.414414,0.620912,0.685008,2.198936
0.415415,0.620912,0.685008,2.198936
0.416416,0.618118,0.683670,2.193818
0.417417,0.618118,0.683670,2.193818
0.418418,0.615329,0.682314,2.188694
0.419419,0.615329,0.682314,2.188694
0.420420,0.612547,0.680942,2.183565
0.421421,0.612547,0.680942,2.183565
0.422422,0.609772,0.679553,2.178429
0.423423,0.609772,0.679553,2.178429
0.424424,0.607003,0.678147,2.173288
0.425425,0.607003,0.678147,2.173288
0.426426,0.604241,0.676724,2.168142
0.427427,0.604241,0.676724,2.168142
0.428428,0.601485,0.675284,2.162991
0.429429,0.601485,0.675284,2.162991
0.430430,0.598737,0.673827,2.157836
0.431431,0.598737,0.673827,2.157836
0.432432,0.595996,0.672352,2.152676
0.433433,0.595996,0.672352,2.152676
0.434434,0.593263,0.670860,2.147511
0.435435,0.593263,0.670860,2.147511
0.436436,0.590537,0.669350,2.142343
0.437437,0.590537,0.669350,2.142343
0.438438,0.587819,0.667822,2.137170
0.439439,0.587819,0.667822,2.137170
0.440440,0.585109,0.666277,2.131994
0.441441,0.585109,0.666277,2.131994
0.442442,0.582407,0.664714,2.126814
0.443443,0.582407,0.664714,2.126814
0.444444,0.579713,0.663133,2.121631
0.445445,0.579713,0.663133,2.121631
0.446446,0.577027,0.661534,2.116444
0.447447,0.577027,0.661534,2.116444
0.448448,0.574350,0.659917,2.111255
0.449449,0.574350,0.659917,2.111255
0.450450,0.571680,0.658282,2.106062
0.451451,0.571680,0.658282,2.106062
0.452452,0.569020,0.656628,2.100867
0.453453,0.569020,0.656628,2.100867
0.454454,0.566368,0.654955,2.095668
0.455455,0.566368,0.654955,2.095668
0.456456,0.563724,0.653264,2.090467
0.457457,0.563724,0.653264,2.090467
0.458458,0.561089,0.651554,2.085264
0.459459,0.561089,0.651554,2.085264
0.460460,0.558463,0.649825,2.080057
0.461461,0.558463,0.649825,2.080057
0.462462,0.555846,0.648078,2.074849
0.463463,0.555846,0.648078,2.074849
0.464464,0.553238,0.646310,2.069637
0.465465,0.553238,0.646310,2.069637
0.466466,0.550639,0.644524,2.064423
0.467467,0.550639,0.644524,2.064423
0.468468,0.548048,0.642718,2.059207
0.469469,0.548048,0.642718,2.059207
0.470470,0.545467,0.640893,2.053988
0.471471,0.545467,0.640893,2.053988
0.472472,0.542894,0.639047,2.048767
0.473473,0.542894,0.639047,2.048767
0.474474,0.540330,0.637182,2.043543
0.475475,0.540330,0.637182,2.043543
0.476476,0.537776,0.635297,2.038317
0.477477,0.537776,0.635297,2.038317
0.478478,0.535230,0.633391,2.033088
0.479479,0.535230,0.633391,2.033088
0.480480,0.532694,0.631465,2.027856
0.481481,0.532694,0.631465,2.027856
0.482482,0.530166,0.629519,2.022621
0.483483,0.530166,0.629519,2.022621
0.484484,0.527647,0.627551,2.017384
0.485485,0.527647,0.627551,2.017384
0.486486,0.525137,0.625563,2.012143
0.487487,0.525137,0.625563,2.012143
0.488488,0.522636,0.623553,2.006900
0.489489,0.522636,0.623553,2.006900
0.490490,0.520143,0.621523,2.001653
0.491491,0.520143,0.621523,2.001653
0.492492,0.517660,0.619471,1.996402
0.493493,0.517660,0.619471,1.996402
0.494494,0.515184,0.617397,1.991148
0.495495,0.515184,0.617397,1.991148
0.496496,0.512718,0.615301,1.985890
0.497497,0.512718,0.615301,1.985890
0.498498,0.510260,0.613183,1.980628
0.499499,0.510260,0.613183,1.980628
0.500501,0.507810,0.611043,1.975362
0.501502,0.507810,0.611043,1.975362
0.502503,0.505368,0.608881,1.970092
0.503504,0.505368,0.608881,1.970092
0.504505,0.502935,0.606696,1.964816
0.505506,0.502935,0.606696,1.964816
0.506507,0.500510,0.604488,1.959536
0.507508,0.500510,0.604488,1.959536
0.508509,0.498093,0.602257,1.954250
0.509510,0.498093,0.602257,1.954250
0.510511,0.495683,0.600003,1.948959
0.511512,0.495683,0.600003,1.948959
0.512513,0.493281,0.597725,1.943662
0.513514,0.493281,0.597725,1.943662
0.514515,0.490887,0.595424,1.938359
0.515516,0.490887,0.595424,1.938359
0.516517,0.488500,0.593099,1.933050
0.517518,0.488500,0.593099,1.933050
0.518519,0.486120,0.590750,1.927733
0.519520,0.486120,0.590750,1.927733
0.520521,0.483748,0.588376,1.922410
0.521522,0.483748,0.588376,1.922410
0.522523,0.481382,0.585979,1.917079
0.523524,0.481382,0.585979,1.917079
0.524525,0.479023,0.583556,1.911740
0.525526,0.479023,0.583556,1.911740
0.526527,0.476671,0.581109,1.906393
0.527528,0.476671,0.581109,1.906393
0.528529,0.474325,0.578636,1.901037
0.529530,0.474325,0.578636,1.901037
0.530531,0.471986,0.576138,1.895672
0.531532,0.471986,0.576138,1.895672
0.532533,0.469652,0.573615,1.890298
0.533534,0.469652,0.573615,1.890298
0.534535,0.467324,0.571066,1.884914
0.535536,0.467324,0.571066,1.884914
0.536537,0.465002,0.568491,1.879519
0.537538,0.465002,0.568491,1.879519
0.538539,0.462685,0.565890,1.874114
0.539540,0.462685,0.565890,1.874114
0.540541,0.460374,0.563263,1.868697
0.541542,0.460374,0.563263,1.868697
0.542543,0.458067,0.560609,1.863269
0.543544,0.458067,0.560609,1.863269
0.544545,0.455766,0.557929,1.857829
0.545546,0.455766,0.557929,1.857829
0.546547,0.453469,0.555222,1.852376
0.547548,0.453469,0.555222,1.852376
0.548549,0.451176,0.552488,1.846910
0.549550,0.451176,0.552488,1.846910
0.550551,0.448888,0.549727,1.841431
0.551552,0.448888,0.549727,1.841431
0.552553,0.446603,0.546938,1.835938
0.553554,0.446603,0.546938,1.835938
0.554555,0.444322,0.544122,1.830430
0.555556,0.444322,0.544122,1.830430
0.556557,0.442045,0.541278,1.824907
0.557558,0.442045,0.541278,1.824907
0.558559,0.439771,0.538407,1.819368
0.559560,0.439771,0.538407,1.819368
0.560561,0.437500,0.535508,1.813814
0.561562,0.437500,0.535508,1.813814
0.562563,0.435232,0.532580,1.808244
0.563564,0.435232,0.532580,1.808244
0.564565,0.432966,0.529625,1.802656
0.565566,0.432966,0.529625,1.802656
0.566567,0.430703,0.526641,1.797051
0.567568,0.430703,0.526641,1.797051
0.568569,0.428441,0.523630,1.791428
0.569570,0.428441,0.523630,1.791428
0.570571,0.426182,0.520589,1.785787
0.571572,0.426182,0.520589,1.785787
0.572573,0.423924,0.517521,1.780127
0.573574,0.423924,0.517521,1.780127
0.574575,0.421668,0.514423,1.774447
0.575576,0.421668,0.514423,1.774447
0.576577,0.419413,0.511298,1.768748
0.577578,0.419413,0.511298,1.768748
0.578579,0.417159,0.508143,1.763029
0.579580,0.417159,0.508143,1.763029
0.580581,0.414906,0.504961,1.757289
0.581582,0.414906,0.504961,1.757289
0.582583,0.412653,0.501749,1.751528
0.583584,0.412653,0.501749,1.751528
0.584585,0.410401,0.498509,1.745745
0.585586,0.410401,0.498509,1.745745
0.586587,0.408148,0.495240,1.739940
0.587588,0.408148,0.495240,1.739940
0.588589,0.405896,0.491943,1.734113
0.589590,0.405896,0.491943,1.734113
0.590591,0.403644,0.488618,1.728264
0.591592,0.403644,0.488618,1.728264
0.592593,0.401391,0.485264,1.722391
0.593594,0.401391,0.485264,1.722391
0.594595,0.399137,0.481882,1.716495
0.595596,0.399137,0.481882,1.716495
0.596597,0.396882,0.478472,1.710574
0.597598,0.396882,0.478472,1.710574
0.598599,0.394627,0.475034,1.704630
0.599600,0.394627,0.475034,1.704630
0.600601,0.392370,0.471567,1.698661
0.601602,0.392370,0.471567,1.698661
0.602603,0.390113,0.468074,1.692668
0.603604,0.390113,0.468074,1.692668
0.604605,0.387853,0.464553,1.686649
0.605606,0.387853,0.464553,1.686649
0.606607,0.385592,0.461004,1.680605
0.607608,0.385592,0.461004,1.680605
0.608609,0.383330,0.457429,1.674536
0.609610,0.383330,0.457429,1.674536
0.610611,0.381065,0.453827,1.668441
0.611612,0.381065,0.453827,1.668441
0.612613,0.378799,0.450198,1.662320
0.613614,0.378799,0.450198,1.662320
0.614615,0.376530,0.446544,1.656173
0.615616,0.376530,0.446544,1.656173
0.616617,0.374259,0.442863,1.650000
0.617618,0.374259,0.442863,1.650000
0.618619,0.371986,0.439157,1.643800
0.619620,0.371986,0.439157,1.643800
0.620621,0.369711,0.435426,1.637575
0.621622,0.369711,0.435426,1.637575
0.622623,0.367433,0.431671,1.631322
0.623624,0.367433,0.431671,1.631322
0.624625,0.365152,0.427891,1.625044
0.625626,0.365152,0.427891,1.625044
0.626627,0.362869,0.424087,1.618739
0.627628,0.362869,0.424087,1.618739
0.628629,0.360584,0.420261,1.612407
0.629630,0.360584,0.420261,1.612407
0.630631,0.358296,0.416411,1.606050
0.631632,0.358296,0.416411,1.606050
0.632633,0.356006,0.412539,1.599666
0.633634,0.356006,0.412539,1.599666
0.634635,0.353712,0.408645,1.593256
0.635636,0.353712,0.408645,1.593256
0.636637,0.351417,0.404730,1.586820
0.637638,0.351417,0.404730,1.586820
0.638639,0.349119,0.400795,1.580359
0.639640,0.349119,0.400795,1.580359
0.640641,0.346818,0.396840,1.573872
0.641642,0.346818,0.396840,1.573872
0.642643,0.344515,0.392866,1.567360
0.643644,0.344515,0.392866,1.567360
0.644645,0.342209,0.388873,1.560824
0.645646,0.342209,0.388873,1.560824
0.646647,0.339902,0.384862,1.554263
0.647648,0.339902,0.384862,1.554263
0.648649,0.337592,0.380834,1.547678
0.649650,0.337592,0.380834,1.547678
0.650651,0.335280,0.376790,1.541069
0.651652,0.335280,0.376790,1.541069
0.652653,0.332966,0.372730,1.534438
0.653654,0.332966,0.372730,1.534438
0.654655,0.330650,0.368655,1.527783
0.655656,0.330650,0.368655,1.527783
0.656657,0.328333,0.364567,1.521107
0.657658,0.328333,0.364567,1.521107
0.658659,0.326015,0.360465,1.514409
0.659660,0.326015,0.360465,1.514409
0.660661,0.323695,0.356351,1.507691
0.661662,0.323695,0.356351,1.507691
0.662663,0.321374,0.352226,1.500952
0.663664,0.321374,0.352226,1.500952
0.664665,0.319052,0.348091,1.494194
0.665666,0.319052,0.348091,1.494194
0.666667,0.316729,0.343946,1.487418
0.667668,0.316729,0.343946,1.487418
0.668669,0.314406,0.339793,1.480623
0.669670,0.314406,0.339793,1.480623
0.670671,0.312083,0.335632,1.473811
0.671672,0.312083,0.335632,1.473811
0.672673,0.309760,0.331465,1.466984
0.673674,0.309760,0.331465,1.466984
0.674675,0.307438,0.327292,1.460141
0.675676,0.307438,0.327292,1.460141
0.676677,0.305116,0.323115,1.453283
0.677678,0.305116,0.323115,1.453283
0.678679,0.302795,0.318935,1.446413
0.679680,0.302795,0.318935,1.446413
0.680681,0.300476,0.314753,1.439530
0.681682,0.300476,0.314753,1.439530
0.682683,0.298158,0.310569,1.432636
0.683684,0.298158,0.310569,1.432636
0.684685,0.295842,0.306385,1.425731
0.685686,0.295842,0.306385,1.425731
0.686687,0.293528,0.302203,1.418818
0.687688,0.293528,0.302203,1.418818
0.688689,0.291218,0.298023,1.411897
0.689690,0.291218,0.298023,1.411897
0.690691,0.288910,0.293846,1.404970
0.691692,0.288910,0.293846,1.404970
0.692693,0.286606,0.289674,1.398037
0.693694,0.286606,0.289674,1.398037
0.694695,0.284306,0.285507,1.391100
0.695696,0.284306,0.285507,1.391100
0.696697,0.282010,0.281348,1.384161
0.697698,0.282010,0.281348,1.384161
0.698699,0.279719,0.277196,1.377220
0.699700,0.279719,0.277196,1.377220
0.700701,0.277433,0.273054,1.370279
0.701702,0.277433,0.273054,1.370279
0.702703,0.275153,0.268923,1.363340
0.703704,0.275153,0.268923,1.363340
0.704705,0.272878,0.264803,1.356404
0.705706,0.272878,0.264803,1.356404
0.706707,0.270611,0.260696,1.349472
0.707708,0.270611,0.260696,1.349472
0.708709,0.268350,0.256604,1.342545
0.709710,0.268350,0.256604,1.342545
0.710711,0.266097,0.252526,1.335627
0.711712,0.266097,0.252526,1.335627
0.712713,0.263851,0.248466,1.328717
0.713714,0.263851,0.248466,1.328717
0.714715,0.261614,0.244423,1.321818
0.715716,0.261614,0.244423,1.321818
0.716717,0.259386,0.240399,1.314931
0.717718,0.259386,0.240399,1.314931
0.718719,0.257168,0.236395,1.308057
0.719720,0.257168,0.236395,1.308057
0.720721,0.254959,0.232412,1.301199
0.721722,0.254959,0.232412,1.301199
0.722723,0.252760,0.228453,1.294358
0.723724,0.252760,0.228453,1.294358
0.724725,0.250573,0.224516,1.287536
0.725726,0.250573,0.224516,1.287536
0.726727,0.248396,0.220605,1.280734
0.727728,0.248396,0.220605,1.280734
0.728729,0.246232,0.216720,1.273955
0.729730,0.246232,0.216720,1.273955
0.730731,0.244080,0.212862,1.267199
0.731732,0.244080,0.212862,1.267199
0.732733,0.241941,0.209032,1.260468
0.733734,0.241941,0.209032,1.260468
0.734735,0.239815,0.205231,1.253765
0.735736,0.239815,0.205231,1.253765
0.736737,0.237703,0.201461,1.247091
0.737738,0.237703,0.201461,1.247091
0.738739,0.235606,0.197722,1.240447
0.739740,0.235606,0.197722,1.240447
0.740741,0.233523,0.194016,1.233836
0.741742,0.233523,0.194016,1.233836
0.742743,0.231456,0.190343,1.227259
0.743744,0.231456,0.190343,1.227259
0.744745,0.229404,0.186705,1.220717
0.745746,0.229404,0.186705,1.220717
0.746747,0.227369,0.183102,1.214214
0.747748,0.227369,0.183102,1.214214
0.748749,0.225351,0.179536,1.207749
0.749750,0.225351,0.179536,1.207749
0.750751,0.223349,0.176007,1.201325
0.751752,0.223349,0.176007,1.201325
0.752753,0.221366,0.172516,1.194944
0.753754,0.221366,0.172516,1.194944
0.754755,0.219400,0.169064,1.188608
0.755756,0.219400,0.169064,1.188608
0.756757,0.217453,0.165652,1.182317
0.757758,0.217453,0.165652,1.182317
0.758759,0.215525,0.162280,1.176074
0.759760,0.215525,0.162280,1.176074
0.760761,0.213617,0.158950,1.169880
0.761762,0.213617,0.158950,1.169880
0.762763,0.211728,0.155662,1.163736
0.763764,0.211728,0.155662,1.163736
0.764765,0.209860,0.152417,1.157645
0.765766,0.209860,0.152417,1.157645
0.766767,0.208012,0.149215,1.151608
0.767768,0.208012,0.149215,1.151608
0.768769,0.206185,0.146057,1.145626
0.769770,0.206185,0.146057,1.145626
0.770771,0.204379,0.142944,1.139701
0.771772,0.204379,0.142944,1.139701
0.772773,0.202595,0.139875,1.133834
0.773774,0.202595,0.139875,1.133834
0.774775,0.200833,0.136853,1.128026
0.775776,0.200833,0.136853,1.128026
0.776777,0.199093,0.133876,1.122280
0.777778,0.199093,0.133876,1.122280
0.778779,0.197376,0.130946,1.116596
0.779780,0.197376,0.130946,1.116596
0.780781,0.195682,0.128062,1.110976
0.781782,0.195682,0.128062,1.110976
0.782783,0.194011,0.125226,1.105420
0.783784,0.194011,0.125226,1.105420
0.784785,0.192363,0.122437,1.099930
0.785786,0.192363,0.122437,1.099930
0.786787,0.190739,0.119695,1.094507
0.787788,0.190739,0.119695,1.094507
0.788789,0.189138,0.117002,1.089153
0.789790,0.189138,0.117002,1.089153
0.790791,0.187562,0.114356,1.083868
0.791792,0.187562,0.114356,1.083868
0.792793,0.186010,0.111759,1.078653
0.793794,0.186010,0.111759,1.078653
0.794795,0.184482,0.109210,1.073509
0.795796,0.184482,0.109210,1.073509
0.796797,0.182979,0.106709,1.068437
0.797798,0.182979,0.106709,1.068437
0.798799,0.181501,0.104257,1.063438
0.799800,0.181501,0.104257,1.063438
0.800801,0.180047,0.101852,1.058512
0.801802,0.180047,0.101852,1.058512
0.802803,0.178618,0.099496,1.053661
0.803804,0.178618,0.099496,1.053661
0.804805,0.177214,0.097189,1.048885
0.805806,0.177214,0.097189,1.048885
0.806807,0.175835,0.094929,1.044185
0.807808,0.175835,0.094929,1.044185
0.808809,0.174481,0.092717,1.039560
0.809810,0.174481,0.092717,1.039560
0.810811,0.173152,0.090552,1.035012
0.811812,0.173152,0.090552,1.035012
0.812813,0.171848,0.088435,1.030541
0.813814,0.171848,0.088435,1.030541
0.814815,0.170569,0.086365,1.026147
0.815816,0.170569,0.086365,1.026147
0.816817,0.169315,0.084342,1.021831
0.817818,0.169315,0.084342,1.021831
0.818819,0.168086,0.082365,1.017593
0.819820,0.168086,0.082365,1.017593
0.820821,0.166882,0.080434,1.013433
0.821822,0.166882,0.080434,1.013433
0.822823,0.165703,0.078549,1.009350
0.823824,0.165703,0.078549,1.009350
0.824825,0.164549,0.076709,1.005346
0.825826,0.164549,0.076709,1.005346
0.826827,0.163419,0.074913,1.001420
0.827828,0.163419,0.074913,1.001420
0.828829,0.162313,0.073163,0.997572
0.829830,0.162313,0.073163,0.997572
0.830831,0.161232,0.071456,0.993802
0.831832,0.161232,0.071456,0.993802
0.832833,0.160175,0.069792,0.990110
0.833834,0.160175,0.069792,0.990110
0.834835,0.159141,0.068171,0.986495
0.835836,0.159141,0.068171,0.986495
0.836837,0.158132,0.066592,0.982958
0.837838,0.158132,0.066592,0.982958
0.838839,0.157146,0.065055,0.979497
0.839840,0.157146,0.065055,0.979497
0.840841,0.156184,0.063559,0.976113
0.841842,0.156184,0.063559,0.976113
0.842843,0.155244,0.062103,0.972805
0.843844,0.155244,0.062103,0.972805
0.844845,0.154328,0.060687,0.969572
0.845846,0.154328,0.060687,0.969572
0.846847,0.153434,0.059310,0.966414
0.847848,0.153434,0.059310,0.966414
0.848849,0.152562,0.057971,0.963331
0.849850,0.152562,0.057971,0.963331
0.850851,0.151713,0.056671,0.960321
0.851852,0.151713,0.056671,0.960321
0.852853,0.150885,0.055407,0.957384
0.853854,0.150885,0.055407,0.957384
0.854855,0.150079,0.054180,0.954519
0.855856,0.150079,0.054180,0.954519
0.856857,0.149295,0.052989,0.951727
0.857858,0.149295,0.052989,0.951727
0.858859,0.148531,0.051833,0.949004
0.859860,0.148531,0.051833,0.949004
0.860861,0.147788,0.050712,0.946352
0.861862,0.147788,0.050712,0.946352
0.862863,0.147065,0.049624,0.943769
0.863864,0.147065,0.049624,0.943769
0.864865,0.146362,0.048569,0.941253
0.865866,0.146362,0.048569,0.941253
0.866867,0.145678,0.047546,0.938805
0.867868,0.145678,0.047546,0.938805
0.868869,0.145014,0.046555,0.936423
0.869870,0.145014,0.046555,0.936423
0.870871,0.144369,0.045595,0.934107
0.871872,0.144369,0.045595,0.934107
0.872873,0.143743,0.044665,0.931855
0.873874,0.143743,0.044665,0.931855
0.874875,0.143135,0.043764,0.929665
0.875876,0.143135,0.043764,0.929665
0.876877,0.142545,0.042893,0.927538
0.877878,0.142545,0.042893,0.927538
0.878879,0.141972,0.042049,0.925473
0.879880,0.141972,0.042049,0.925473
0.880881,0.141417,0.041233,0.923467
0.881882,0.141417,0.041233,0.923467
0.882883,0.140878,0.040444,0.921520
0.883884,0.140878,0.040444,0.921520
0.884885,0.140357,0.039680,0.919631
0.885886,0.140357,0.039680,0.919631
0.886887,0.139851,0.038942,0.917799
0.887888,0.139851,0.038942,0.917799
0.888889,0.139361,0.038229,0.916022
0.889890,0.139361,0.038229,0.916022
0.890891,0.138886,0.037540,0.914300
0.891892,0.138886,0.037540,0.914300
0.892893,0.138427,0.036875,0.912631
0.893894,0.138427,0.036875,0.912631
0.894895,0.137983,0.036232,0.911014
0.895896,0.137983,0.036232,0.911014
0.896897,0.137552,0.035611,0.909449
0.897898,0.137552,0.035611,0.909449
0.898899,0.137136,0.035012,0.907933
0.899900,0.137136,0.035012,0.907933
0.900901,0.136734,0.034434,0.906466
0.901902,0.136734,0.034434,0.906466
0.902903,0.136345,0.033877,0.905047
0.903904,0.136345,0.033877,0.905047
0.904905,0.135969,0.033339,0.903675
0.905906,0.135969,0.033339,0.903675
0.906907,0.135606,0.032820,0.902348
0.907908,0.135606,0.032820,0.902348
0.908909,0.135256,0.032320,0.901065
0.909910,0.135256,0.032320,0.901065
0.910911,0.134917,0.031838,0.899826
0.911912,0.134917,0.031838,0.899826
0.912913,0.134590,0.031374,0.898629
0.913914,0.134590,0.031374,0.898629
0.914915,0.134275,0.030927,0.897473
0.915916,0.134275,0.030927,0.897473
0.916917,0.133970,0.030496,0.896358
0.917918,0.133970,0.030496,0.896358
0.918919,0.133677,0.030081,0.895281
0.919920,0.133677,0.030081,0.895281
0.920921,0.133394,0.029682,0.894242
0.921922,0.133394,0.029682,0.894242
0.922923,0.133121,0.029298,0.893241
0.923924,0.133121,0.029298,0.893241
0.924925,0.132859,0.028929,0.892275
0.925926,0.132859,0.028929,0.892275
0.926927,0.132606,0.028573,0.891345
0.927928,0.132606,0.028573,0.891345
0.928929,0.132362,0.028232,0.890449
0.929930,0.132362,0.028232,0.890449
0.930931,0.132128,0.027903,0.889586
0.931932,0.132128,0.027903,0.889586
0.932933,0.131902,0.027588,0.888755
0.933934,0.131902,0.027588,0.888755
0.934935,0.131685,0.027285,0.887956
0.935936,0.131685,0.027285,0.887956
0.936937,0.131477,0.026994,0.887187
0.937938,0.131477,0.026994,0.887187
0.938939,0.131277,0.026715,0.886448
0.939940,0.131277,0.026715,0.886448
0.940941,0.131084,0.026447,0.885738
0.941942,0.131084,0.026447,0.885738
0.942943,0.130900,0.026191,0.885056
0.943944,0.130900,0.026191,0.885056
0.944945,0.130722,0.025945,0.884402
0.945946,0.130722,0.025945,0.884402
0.946947,0.130553,0.025709,0.883774
0.947948,0.130553,0.025709,0.883774
0.948949,0.130390,0.025484,0.883173
0.949950,0.130390,0.025484,0.883173
0.950951,0.130234,0.025268,0.882597
0.951952,0.130234,0.025268,0.882597
0.952953,0.130085,0.025062,0.882045
0.953954,0.130085,0.025062,0.882045
0.954955,0.129943,0.024865,0.881518
0.955956,0.129943,0.024865,0.881518
0.956957,0.129807,0.024677,0.881015
0.957958,0.129807,0.024677,0.881015
0.958959,0.129677,0.024499,0.880534
0.959960,0.129677,0.024499,0.880534
0.960961,0.129553,0.024328,0.880077
0.961962,0.129553,0.024328,0.880077
0.962963,0.129436,0.024167,0.879641
0.963964,0.129436,0.024167,0.879641
0.964965,0.129324,0.024013,0.879228
0.965966,0.129324,0.024013,0.879228
0.966967,0.129219,0.023868,0.878836
0.967968,0.129219,0.023868,0.878836
0.968969,0.129119,0.023731,0.878466
0.969970,0.129119,0.023731,0.878466
0.970971,0.129025,0.023602,0.878117
0.971972,0.129025,0.023602,0.878117
0.972973,0.128936,0.023480,0.877789
0.973974,0.128936,0.023480,0.877789
0.974975,0.128854,0.023367,0.877481
0.975976,0.128854,0.023367,0.877481
0.976977,0.128776,0.023261,0.877195
0.977978,0.128776,0.023261,0.877195
0.978979,0.128705,0.023164,0.876930
0.979980,0.128705,0.023164,0.876930
0.980981,0.128639,0.023074,0.876686
0.981982,0.128639,0.023074,0.876686
0.982983,0.128580,0.022992,0.876464
0.983984,0.128580,0.022992,0.876464
0.984985,0.128526,0.022918,0.876263
0.985986,0.128526,0.022918,0.876263
0.986987,0.128478,0.022853,0.876084
0.987988,0.128478,0.022853,0.876084
0.988989,0.128436,0.022795,0.875928
0.989990,0.128436,0.022795,0.875928
0.990991,0.128400,0.022747,0.875796
0.991992,0.128400,0.022747,0.875796
0.992993,0.128371,0.022707,0.875688
0.993994,0.128371,0.022707,0.875688
0.994995,0.128349,0.022677,0.875605
0.995996,0.128349,0.022677,0.875605
0.996997,0.128334,0.022656,0.875548
0.997998,0.128334,0.022656,0.875548
0.998999,0.128326,0.022646,0.875518
1.000000,0.128326,0.022646,0.875518
